{
  "MAE": 65.44519434628975,
  "RMSE": 997.9983316592768,
  "R2": 0.3516356838568111
}