{
  "MAE": 4.367385947385948,
  "RMSE": 13.043748383603997,
  "R2": 0.9977849021173308
}